{
  "Ansi 6 Color" : {
    "Red Component" : 0.19607843458652496,
    "Color Space" : "Calibrated",
    "Blue Component" : 0.59607845544815063,
    "Alpha Component" : 1,
    "Green Component" : 0.63137257099151611
  },
  "Tags" : [

  ],
  "Ansi 12 Color" : {
    "Red Component" : 0.12754885852336884,
    "Color Space" : "Calibrated",
    "Blue Component" : 0.78231412172317505,
    "Alpha Component" : 1,
    "Green Component" : 0.46265947818756104
  },
  "Ansi 7 Color" : {
    "Red Component" : 0.82745099067687988,
    "Color Space" : "Calibrated",
    "Blue Component" : 0.78823530673980713,
    "Alpha Component" : 1,
    "Green Component" : 0.81568628549575806
  },
  "Ansi 8 Color" : {
    "Red Component" : 0.27058824896812439,
    "Color Space" : "Calibrated",
    "Blue Component" : 0.29411765933036804,
    "Alpha Component" : 1,
    "Green Component" : 0.28235295414924622
  },
  "Bold Color" : {
    "Red Component" : 0.27671989798545837,
    "Color Space" : "Calibrated",
    "Blue Component" : 0.38298481702804565,
    "Alpha Component" : 1,
    "Green Component" : 0.35665953159332275
  },
  "Ansi 9 Color" : {
    "Red Component" : 0.74176251888275146,
    "Color Space" : "Calibrated",
    "Blue Component" : 0.073530428111553192,
    "Alpha Component" : 1,
    "Green Component" : 0.21325297653675079
  },
  "Ansi 4 Color" : {
    "Red Component" : 0.18039216101169586,
    "Color Space" : "Calibrated",
    "Blue Component" : 0.80784314870834351,
    "Alpha Component" : 1,
    "Green Component" : 0.54509806632995605
  },
  "Ansi 1 Color" : {
    "Red Component" : 0.78823530673980713,
    "Color Space" : "Calibrated",
    "Blue Component" : 0.13333334028720856,
    "Alpha Component" : 1,
    "Green Component" : 0.29803922772407532
  },
  "Rows" : 25,
  "Default Bookmark" : "No",
  "Cursor Guide Color" : {
    "Red Component" : 0.64999997615814209,
    "Color Space" : "Calibrated",
    "Blue Component" : 1,
    "Alpha Component" : 0.25,
    "Green Component" : 0.9100000262260437
  },
  "Non-ASCII Anti Aliased" : true,
  "Use Bright Bold" : false,
  "Ansi 10 Color" : {
    "Red Component" : 0.44977450370788574,
    "Color Space" : "Calibrated",
    "Blue Component" : 0.014259073883295059,
    "Alpha Component" : 1,
    "Green Component" : 0.54115492105484009
  },
  "Use Cursor Guide" : false,
  "Ambiguous Double Width" : true,
  "Jobs to Ignore" : [
    "rlogin",
    "ssh",
    "slogin",
    "telnet"
  ],
  "Ansi 15 Color" : {
    "Red Component" : 0.78782689571380615,
    "Color Space" : "Calibrated",
    "Blue Component" : 0.74188202619552612,
    "Alpha Component" : 1,
    "Green Component" : 0.77491450309753418
  },
  "Foreground Color" : {
    "Red Component" : 0.32436615228652954,
    "Color Space" : "Calibrated",
    "Blue Component" : 0.43850564956665039,
    "Alpha Component" : 1,
    "Green Component" : 0.407176673412323
  },
  "Working Directory" : "\/Users\/taishi",
  "Use Tab Color" : false,
  "Blinking Cursor" : true,
  "Disable Window Resizing" : true,
  "Sync Title" : false,
  "Prompt Before Closing 2" : false,
  "BM Growl" : true,
  "Command" : "",
  "Description" : "Default",
  "Smart Cursor Color" : true,
  "Mouse Reporting" : true,
  "Screen" : -1,
  "Selection Color" : {
    "Red Component" : 0.34792381525039673,
    "Color Space" : "Calibrated",
    "Blue Component" : 0.71791666746139526,
    "Alpha Component" : 1,
    "Green Component" : 0.35137161612510681
  },
  "Columns" : 80,
  "Idle Code" : 0,
  "Ansi 13 Color" : {
    "Red Component" : 0.7773892879486084,
    "Color Space" : "Calibrated",
    "Blue Component" : 0.43516635894775391,
    "Alpha Component" : 1,
    "Green Component" : 0.10802461951971054
  },
  "Custom Command" : "No",
  "ASCII Anti Aliased" : true,
  "Non Ascii Font" : "Monaco 12",
  "Vertical Spacing" : 1,
  "Use Bold Font" : true,
  "Option Key Sends" : 0,
  "Selected Text Color" : {
    "Red Component" : 0.98943412303924561,
    "Color Space" : "Calibrated",
    "Blue Component" : 0.8640596866607666,
    "Alpha Component" : 1,
    "Green Component" : 0.95794379711151123
  },
  "Background Color" : {
    "Red Component" : 0.98943412303924561,
    "Color Space" : "Calibrated",
    "Blue Component" : 0.8640596866607666,
    "Alpha Component" : 1,
    "Green Component" : 0.95794379711151123
  },
  "Character Encoding" : 4,
  "Ansi 11 Color" : {
    "Red Component" : 0.64746475219726562,
    "Color Space" : "Calibrated",
    "Blue Component" : 0.018686883151531219,
    "Alpha Component" : 1,
    "Green Component" : 0.46751424670219421
  },
  "Use Italic Font" : true,
  "Unlimited Scrollback" : false,
  "Keyboard Map" : {
    "0xf700-0x260000" : {
      "Action" : 10,
      "Text" : "[1;6A"
    },
    "0x37-0x40000" : {
      "Action" : 11,
      "Text" : "0x1f"
    },
    "0x32-0x40000" : {
      "Action" : 11,
      "Text" : "0x00"
    },
    "0xf709-0x20000" : {
      "Action" : 10,
      "Text" : "[17;2~"
    },
    "0xf70c-0x20000" : {
      "Action" : 10,
      "Text" : "[20;2~"
    },
    "0xf729-0x20000" : {
      "Action" : 10,
      "Text" : "[1;2H"
    },
    "0xf72b-0x40000" : {
      "Action" : 10,
      "Text" : "[1;5F"
    },
    "0xf705-0x20000" : {
      "Action" : 10,
      "Text" : "[1;2Q"
    },
    "0xf703-0x260000" : {
      "Action" : 10,
      "Text" : "[1;6C"
    },
    "0xf700-0x220000" : {
      "Action" : 10,
      "Text" : "[1;2A"
    },
    "0xf701-0x280000" : {
      "Action" : 11,
      "Text" : "0x1b 0x1b 0x5b 0x42"
    },
    "0x38-0x40000" : {
      "Action" : 11,
      "Text" : "0x7f"
    },
    "0x33-0x40000" : {
      "Action" : 11,
      "Text" : "0x1b"
    },
    "0xf703-0x220000" : {
      "Action" : 10,
      "Text" : "[1;2C"
    },
    "0xf701-0x240000" : {
      "Action" : 10,
      "Text" : "[1;5B"
    },
    "0xf70d-0x20000" : {
      "Action" : 10,
      "Text" : "[21;2~"
    },
    "0xf702-0x260000" : {
      "Action" : 10,
      "Text" : "[1;6D"
    },
    "0xf729-0x40000" : {
      "Action" : 10,
      "Text" : "[1;5H"
    },
    "0xf706-0x20000" : {
      "Action" : 10,
      "Text" : "[1;2R"
    },
    "0x34-0x40000" : {
      "Action" : 11,
      "Text" : "0x1c"
    },
    "0xf700-0x280000" : {
      "Action" : 11,
      "Text" : "0x1b 0x1b 0x5b 0x41"
    },
    "0x2d-0x40000" : {
      "Action" : 11,
      "Text" : "0x1f"
    },
    "0xf70e-0x20000" : {
      "Action" : 10,
      "Text" : "[23;2~"
    },
    "0xf702-0x220000" : {
      "Action" : 10,
      "Text" : "[1;2D"
    },
    "0xf703-0x280000" : {
      "Action" : 11,
      "Text" : "0x1b 0x1b 0x5b 0x43"
    },
    "0xf700-0x240000" : {
      "Action" : 10,
      "Text" : "[1;5A"
    },
    "0xf707-0x20000" : {
      "Action" : 10,
      "Text" : "[1;2S"
    },
    "0xf70a-0x20000" : {
      "Action" : 10,
      "Text" : "[18;2~"
    },
    "0x35-0x40000" : {
      "Action" : 11,
      "Text" : "0x1d"
    },
    "0xf70f-0x20000" : {
      "Action" : 10,
      "Text" : "[24;2~"
    },
    "0xf703-0x240000" : {
      "Action" : 10,
      "Text" : "[1;5C"
    },
    "0xf701-0x260000" : {
      "Action" : 10,
      "Text" : "[1;6B"
    },
    "0xf702-0x280000" : {
      "Action" : 11,
      "Text" : "0x1b 0x1b 0x5b 0x44"
    },
    "0xf72b-0x20000" : {
      "Action" : 10,
      "Text" : "[1;2F"
    },
    "0x36-0x40000" : {
      "Action" : 11,
      "Text" : "0x1e"
    },
    "0xf708-0x20000" : {
      "Action" : 10,
      "Text" : "[15;2~"
    },
    "0xf701-0x220000" : {
      "Action" : 10,
      "Text" : "[1;2B"
    },
    "0xf70b-0x20000" : {
      "Action" : 10,
      "Text" : "[19;2~"
    },
    "0xf702-0x240000" : {
      "Action" : 10,
      "Text" : "[1;5D"
    },
    "0xf704-0x20000" : {
      "Action" : 10,
      "Text" : "[1;2P"
    }
  },
  "Window Type" : 0,
  "Cursor Boost" : 0,
  "Cursor Type" : 2,
  "Background Image Location" : "",
  "Blur" : false,
  "Badge Color" : {
    "Red Component" : 1,
    "Color Space" : "Calibrated",
    "Blue Component" : 0,
    "Alpha Component" : 0.5,